first_name,last_name,year_of_birth,year_of_enrollment,idnp,faculty
Minnie,Pleven,1999,2009,5989279456446,Faculty of Mathematics and Informatics
Johnna,Houchin,2002,2013,5707159366774,Faculty of Law
Arman,Slayton,1997,2001,170572261077,Faculty of Psychology
Elysee,Tonna,1997,2021,9088994957760,Faculty of Journalism and Communication Sciences
Adria,Jobson,2001,2002,8495615864809,Faculty of History and Philosophy
Mendy,Libero,1998,2014,9557578307518,Faculty of Journalism and Communication Sciences
Farica,Osgodby,1998,2012,9728227559574,Faculty of Physics and Engineering
Rob,Fawcitt,1996,2000,3430697889227,Faculty of Philology
Trina,Lapham,1998,2020,8956094830715,Faculty of Psychology
Giustina,Philcott,2000,2011,4548005234756,Faculty of Biology and Geoscience
Manya,Poynser,2001,2004,3258030003087,Faculty of History and Philosophy
Cybil,Benyan,1996,2013,5039111836697,Faculty of Physics and Engineering
Hobard,Fake,2002,2007,1122675124827,Faculty of Mathematics and Informatics
Rora,Tesoe,1995,2007,2335877062118,Faculty of Physics and Engineering
Viviene,Poley,1995,2017,7366097403450,Faculty of Economic Sciences
Debora,Hunday,2000,2007,3060086584082,Faculty of Biology and Geoscience
Engracia,Betts,2002,2017,5697503603624,Faculty of Biology and Geoscience
Sumner,McMennum,1999,2004,4692122563978,Faculty of Journalism and Communication Sciences
Xavier,Borrott,1995,2020,1293794266876,Faculty of Mathematics and Informatics
Denna,Woodage,1995,2020,3921528324272,Faculty of International Relations
Norean,Benedetti,2000,2005,1241105572336,Faculty of Biology and Geoscience
Esta,Leeuwerink,2002,2010,9742157674208,Faculty of Physics and Engineering
Caroljean,Callaghan,1997,2001,7125962565726,Faculty of Law
Agna,Bruijne,2001,2003,2518124124216,Faculty of Economic Sciences
Marya,Chidlow,1995,2015,7836520479614,Faculty of Physics and Engineering
Georgianne,Brithman,1998,2010,9842035511110,Faculty of Journalism and Communication Sciences
Missie,Mulchrone,1997,2011,7894441480751,Faculty of Chemistry and Chemical Technology
Brittne,Blannin,2002,2017,3366853922185,Faculty of Economic Sciences
Evita,Palister,1999,2021,5230607850926,Faculty of Law
Dolly,Scallan,2001,2018,7623497912002,Faculty of Economic Sciences
Beltran,Bengtsen,1997,2018,2162855426500,Faculty of Psychology
Juan,Dominico,1997,2021,760232872774,Faculty of Mathematics and Informatics
Korie,Davidovic,1995,2001,3470563548427,Faculty of History and Philosophy
Joann,Dressel,1998,2016,7261310092498,Faculty of Philology
Britta,Pattison,1997,2010,9279511825869,Faculty of International Relations
Arlana,Chettle,1996,2016,5174354052606,Faculty of Physics and Engineering
Barby,Gaskill,1998,2006,1467790003286,Faculty of Philology
Armin,Fallis,1999,2009,1171996259938,Faculty of Journalism and Communication Sciences
Franciskus,Thams,1995,2013,2466432015939,Faculty of Philology
Sibella,Geraldi,1998,2020,5325436733544,Faculty of Physics and Engineering
Jacquetta,Fawlkes,1995,2012,8354863444654,Faculty of International Relations
Torrie,Ivatt,1995,2022,2883962720484,Faculty of International Relations
Rosmunda,Proby,1999,2018,6702181374898,Faculty of Chemistry and Chemical Technology
Clarissa,Munt,1995,2007,7317535745151,Faculty of Economic Sciences
Derron,Burgwin,1997,2006,4896455744010,Faculty of History and Philosophy
Bryon,Janiszewski,2002,2016,7222621132136,Faculty of Philology
Yoko,Keer,2002,2018,2845103474088,Faculty of Psychology
Morey,Sitlington,1995,2019,4269167905700,Faculty of Chemistry and Chemical Technology
Gisela,Aylmore,1999,2005,8192899264444,Faculty of Psychology
Jon,Rennicks,2000,2017,3049646709206,Faculty of Chemistry and Chemical Technology
Kalie,Askem,2000,2014,3795513802941,Faculty of Law
Marlyn,Radbone,1995,2009,2239672229123,Faculty of Biology and Geoscience
Blinny,Dumphrey,1996,2008,8181607088134,Faculty of Psychology
Carmina,Brunnstein,1997,2008,4540064567018,Faculty of Chemistry and Chemical Technology
Marcile,Kliner,1996,2016,3390814908576,Faculty of Chemistry and Chemical Technology
Sonia,Satchel,1996,2001,2113604215863,Faculty of Economic Sciences
Georgiana,Haistwell,2002,2022,5993581911737,Faculty of Law
Clarice,Iliff,1996,2018,7781044421520,Faculty of Psychology
Kore,Frenchum,1995,2005,6489568478217,Faculty of Journalism and Communication Sciences
Gracia,Nutley,1997,2005,4328787073385,Faculty of Mathematics and Informatics
Latashia,Netti,1995,2018,9093101128798,Faculty of Philology
Lyn,Pitherick,2000,2015,3646343041020,Faculty of Chemistry and Chemical Technology
Emilia,Genery,1996,2018,4122281168849,Faculty of Philology
Colette,Gounod,2001,2016,4032811419457,Faculty of Chemistry and Chemical Technology
Emylee,McGown,1999,2003,972483291727,Faculty of International Relations
Donny,Shillinglaw,1995,2004,1833410907067,Faculty of Psychology
Conni,Treadger,1998,2011,7387738250830,Faculty of Psychology
Case,Branney,1996,2015,5171580108975,Faculty of Biology and Geoscience
Clerc,Whetland,1998,2009,3689989034891,Faculty of Biology and Geoscience
Eduard,Izatson,1997,2022,4298220340749,Faculty of Biology and Geoscience
Shelby,Baxandall,2001,2001,2876651876072,Faculty of Biology and Geoscience
Akim,Oblein,2002,2016,9883183991368,Faculty of Psychology
Tamas,Liddy,2000,2007,2433965388141,Faculty of International Relations
Lindsy,McMenemy,2001,2000,8720823202051,Faculty of Physics and Engineering
Jobyna,Douglas,1997,2008,5380071731725,Faculty of Law
Maridel,Mitro,2001,2006,2608604751124,Faculty of International Relations
Leonora,Tewkesbury,2000,2000,3820639724951,Faculty of Mathematics and Informatics
Mabelle,Sibbald,1997,2000,3175980267677,Faculty of Mathematics and Informatics
Lethia,Polin,1996,2007,8554853413217,Faculty of Mathematics and Informatics
Erica,Woolmore,2001,2003,6362088120480,Faculty of Economic Sciences
Hamil,Tolcharde,1997,2007,955468672144,Faculty of Economic Sciences
Collete,Dibb,1998,2003,4881779423775,Faculty of Law
Kiele,Cocker,2000,2003,5426116730590,Faculty of Biology and Geoscience
Jackie,Hollow,2001,2021,581740350152,Faculty of Economic Sciences
Marya I,Dagless,1997,2008,7940665060921,Faculty of Biology and Geoscience
Karalee,Hoog,1997,2011,9557136343921,Faculty of Economic Sciences
Deerdre,Tanser,2000,2005,4291448840981,Faculty of Law
Cornell,McNern,1995,2001,9457983020955,Faculty of Biology and Geoscience
Sergeant,Marusic,2000,2008,3055679632048,Faculty of International Relations
Dolli,Baszkiewicz,2001,2005,4504853137650,Faculty of International Relations
Krisha,Glasebrook,1997,2014,9432090116988,Faculty of Philology
Erhard,Ilchuk,1999,2001,2914043144207,Faculty of Law
Marianne,Cobbin,1998,2006,6941505432017,Faculty of Physics and Engineering
Donovan,Ebbins,1995,2012,4239510646885,Faculty of Psychology
Perrine,DFew,2002,2022,5339249292169,Faculty of Economic Sciences
Farlie,Klimek,1995,2000,9316371230261,Faculty of Philology
Mandi,Boyce,2001,2018,5217884577866,Faculty of Law
Abbi,Drinkwater,2000,2008,256861233925,Faculty of International Relations
Deanna,Pinnere,2002,2013,5232053607825,Faculty of Law
Lyon,Incogna,2001,2012,3024995172951,Faculty of Chemistry and Chemical Technology
Morley,Dumphry,1995,2002,9745242186986,Faculty of Law
Urbain,Houseman,1998,2005,4558728107670,Faculty of Economic Sciences
Jerrine,Leads,1999,2020,4225902477545,Faculty of Philology
Ephraim,Goldstone,2001,2019,6873520444756,Faculty of Mathematics and Informatics
Roseline,Tolchar,1996,2015,6635407952583,Faculty of Chemistry and Chemical Technology
Janella,Ruddlesden,1998,2015,3734690958495,Faculty of History and Philosophy
Arel,Skidmore,1995,2001,6610807871539,Faculty of International Relations
Trevar,Pargetter,1997,2008,4373469269836,Faculty of Physics and Engineering
Pincas,Ponder,1997,2015,815907710961,Faculty of Journalism and Communication Sciences
Ellerey,Denisovo,1995,2019,8786837342773,Faculty of Journalism and Communication Sciences
Iris,Searles,1996,2021,4460971360975,Faculty of History and Philosophy
Putnem,Troth,1995,2012,7125482307974,Faculty of Economic Sciences
Cheston,Clail,1999,2001,9390749544554,Faculty of Journalism and Communication Sciences
Stillmann,Nairne,1999,2015,4887369903858,Faculty of Mathematics and Informatics
Lilian,Kinkaid,1996,2016,7380053787161,Faculty of Biology and Geoscience
Ulrike,Leeves,1999,2002,1874284983115,Faculty of Economic Sciences
Keslie,Ketton,2002,2013,489617783960,Faculty of Physics and Engineering
Lyndell,Morcom,2000,2001,5400550725267,Faculty of Psychology
Vanessa,Davydzenko,2000,2009,1658481497521,Faculty of Psychology
Elliot,Halliberton,2000,2005,2809283770647,Faculty of History and Philosophy
Alexis,Fripps,2001,2003,3932770225378,Faculty of Journalism and Communication Sciences
Mendie,Pulman,1999,2014,7174816708072,Faculty of Mathematics and Informatics
Gayler,Como,2002,2019,6801281453780,Faculty of Economic Sciences
Field,Teare,2001,2006,5948402783172,Faculty of Journalism and Communication Sciences
Julianna,Carvil,1999,2006,5859271326378,Faculty of Chemistry and Chemical Technology
Clyve,Dufoure,1996,2019,4950849066404,Faculty of Chemistry and Chemical Technology
Sharline,Keeting,1997,2021,7216300013570,Faculty of International Relations
Lyndel,Vicarey,2000,2014,7884182391169,Faculty of Philology
Courtnay,Dakhno,1998,2013,4952640170981,Faculty of Mathematics and Informatics
Tricia,Ellwood,2002,2009,8106397695535,Faculty of International Relations
Aline,MacGuffog,1996,2003,3636091785766,Faculty of Economic Sciences
Geoff,Chesshire,2000,2017,5946354593645,Faculty of Psychology
Jamesy,Risman,2000,2013,386254984336,Faculty of Chemistry and Chemical Technology
Dorrie,Jeaneau,2000,2002,7508014695656,Faculty of Mathematics and Informatics
Joni,Midghall,2000,2015,1462269427124,Faculty of Law
Billy,Neary,1999,2001,8468733649000,Faculty of Journalism and Communication Sciences
Desdemona,Lyall,2000,2016,7564595768506,Faculty of International Relations
Lemuel,Duferie,1998,2014,2207727743881,Faculty of International Relations
Wain,Salzburger,1999,2004,8437490091786,Faculty of Journalism and Communication Sciences
Shell,Lundon,1996,2009,1779182395413,Faculty of Philology
Sondra,Hadingham,1995,2004,7289372532203,Faculty of Biology and Geoscience
Frazer,Flament,2000,2004,6940006549698,Faculty of Physics and Engineering
Carlie,Thurlbeck,1996,2011,4608922172957,Faculty of International Relations
Artur,Wadham,1995,2017,1669669810472,Faculty of Law
Minta,Lamdin,2001,2002,127102906861,Faculty of Philology
Pamelina,Flower,1997,2007,5662003250979,Faculty of Chemistry and Chemical Technology
Shadow,Cheson,1999,2010,8983015947256,Faculty of Chemistry and Chemical Technology
Barry,Cuppitt,1998,2000,2714230108926,Faculty of International Relations
Brice,Punshon,1995,2005,9584347693918,Faculty of Economic Sciences
Nye,Little,1999,2001,1551894423405,Faculty of Psychology
Kristien,Brazier,2002,2003,2461132670205,Faculty of Physics and Engineering
Tracey,Halgarth,2001,2019,9097917061511,Faculty of Chemistry and Chemical Technology
Vasily,Maffia,1995,2019,3372793204385,Faculty of History and Philosophy
Naoma,Harsant,1996,2001,3023592885741,Faculty of Psychology
Halli,Alishoner,1998,2000,5590881535093,Faculty of Journalism and Communication Sciences
Doroteya,Foxworthy,2000,2021,9694342390364,Faculty of Journalism and Communication Sciences
Lolita,Fordham,1998,2019,3698472365384,Faculty of Philology
Peggy,MacTerrelly,1998,2000,8106559054956,Faculty of Chemistry and Chemical Technology
Tabbie,Orry,2001,2007,9797107229326,Faculty of History and Philosophy
Estell,Rupert,1998,2002,5851414450479,Faculty of Psychology
Fifine,Lillgard,2002,2012,9297447348661,Faculty of Law
Alvira,Gleder,1998,2019,6408968029539,Faculty of Philology
Ania,Verma,2000,2001,7187401728746,Faculty of History and Philosophy
Minnie I,Gready,1998,2020,4543214081447,Faculty of Biology and Geoscience
Conway,McVicker,2002,2018,5730091299738,Faculty of Physics and Engineering
Oona,Camillo,1999,2015,2930612866366,Faculty of Psychology
Etti,Cake,2000,2016,7525048317210,Faculty of Physics and Engineering
Eziechiele,Tuison,1998,2003,4452509516118,Faculty of Physics and Engineering
Barbey,Buttwell,2002,2007,6034775169241,Faculty of Philology
Frank,Taffurelli,1997,2012,2784863602938,Faculty of Mathematics and Informatics
Rinaldo,McCuaig,1999,2008,7057117135812,Faculty of Journalism and Communication Sciences
Selene,Ridhole,1998,2008,6773511789872,Faculty of History and Philosophy
Napoleon,Wisdish,2002,2008,2259604601702,Faculty of Physics and Engineering
Bettine,Doig,2001,2005,1999772323310,Faculty of Biology and Geoscience
Cull,Ready,1998,2003,9962948877397,Faculty of Chemistry and Chemical Technology
Anny,Tibbs,1995,2017,950996688262,Faculty of Law
Cele,Bernth,1996,2022,4709339647856,Faculty of Psychology
Derrick,Kytter,1999,2016,4502427978004,Faculty of Law
Bride,Byng,2000,2019,3777724860692,Faculty of Mathematics and Informatics
Sabina,Newberry,2001,2005,3316716226024,Faculty of Physics and Engineering
Fedora,Rumin,1997,2004,298783044519,Faculty of Mathematics and Informatics
Nikolai,Stockbridge,1995,2020,5184327207814,Faculty of Philology
Gibby,Hudleston,1999,2015,5261090279722,Faculty of Philology
Dorie,Kees,1996,2015,4309248047554,Faculty of History and Philosophy
Cecilia,Palfree,2001,2007,211656181633,Faculty of International Relations
Scotti,Trotter,1998,2016,9772749120971,Faculty of Physics and Engineering
Nikita,Philbrick,1998,2009,8336579561759,Faculty of Mathematics and Informatics
Melvyn,Kelleher,2002,2001,9558109350192,Faculty of Journalism and Communication Sciences
Camala,Tiner,2001,2005,6953927404687,Faculty of Biology and Geoscience
Melicent,Lokier,1999,2018,5853004306778,Faculty of History and Philosophy
Judas,Vila,1997,2022,4348989675908,Faculty of Economic Sciences
Whitman,Muffin,1996,2018,7478172819477,Faculty of Journalism and Communication Sciences
Pip,Priestley,2001,2020,695747498210,Faculty of History and Philosophy
Murry,Tidbury,1996,2009,3617528091351,Faculty of Philology
Salli,Sorsby,1996,2006,7220273520716,Faculty of Journalism and Communication Sciences
Aloisia,Roncelli,1999,2002,8647718574828,Faculty of Psychology
Felicdad,Marvel,1997,2000,6123493556226,Faculty of Economic Sciences
Debi,Leed,1996,2004,1296376901556,Faculty of Journalism and Communication Sciences
Jareb,Yurasov,1999,2012,4010283139528,Faculty of Economic Sciences
Kerwin,Renshaw,2001,2019,2032434332657,Faculty of Physics and Engineering
Isaak,Frome,2000,2017,9477767811795,Faculty of Economic Sciences
Krysta,Binfield,1997,2020,5239134853959,Faculty of International Relations
Nisse,Banbrook,1996,2009,8804436429069,Faculty of Mathematics and Informatics
Dominique,Ironside,2001,2022,9238414378389,Faculty of Chemistry and Chemical Technology
Constantina,Awdry,1997,2001,9287986130505,Faculty of International Relations
Muriel,Cosh,1996,2001,1875259204444,Faculty of Physics and Engineering
Wilbert,Heers,1996,2020,7628621717761,Faculty of Journalism and Communication Sciences
Danie,Christley,2001,2020,1485337186035,Faculty of Economic Sciences
Rebeca,Pinor,1997,2004,4898145531928,Faculty of Psychology
Cleve,Pallatina,1997,2017,6212506562283,Faculty of Chemistry and Chemical Technology
Tammara,Tredwell,2000,2006,6698468688452,Faculty of Journalism and Communication Sciences
Janka,Chidzoy,2000,2007,3152876153676,Faculty of Philology
Kelcy,Yerby,1995,2019,7358424417267,Faculty of Law
Kimmi,Widdicombe,1999,2006,697553050240,Faculty of Physics and Engineering
Kittie,Tunny,1997,2011,2597917880926,Faculty of Journalism and Communication Sciences
Bel,Demangeot,1997,2010,2382643475781,Faculty of Economic Sciences
Glenn,Tindle,2001,2005,8503225260230,Faculty of Journalism and Communication Sciences
Innis,Ferrario,1996,2006,3433605966737,Faculty of Mathematics and Informatics
Isaac,Trassler,1996,2018,1574185850806,Faculty of Law
Helena,Redshaw,1995,2015,1785565947181,Faculty of Chemistry and Chemical Technology
Ulla,Noah,1998,2006,9660181447679,Faculty of Philology
Tilly,Middlemiss,2001,2012,3102869424009,Faculty of History and Philosophy
Brade,Schwanden,2001,2021,7440795145708,Faculty of History and Philosophy
Stephen,Beel,2002,2020,4868270183878,Faculty of Biology and Geoscience
Stuart,Drabble,1996,2003,7562378000528,Faculty of Chemistry and Chemical Technology
Charlotta,Crottagh,1999,2005,9730455379284,Faculty of International Relations
Camilla,Petric,2001,2019,9893470949131,Faculty of International Relations
Yoko I,Lambkin,2002,2019,451971372327,Faculty of Economic Sciences
Aili,Adel,2001,2016,1695775955825,Faculty of Journalism and Communication Sciences
Shay,Jonathon,2002,2003,8282301735712,Faculty of Physics and Engineering
Sarene,Stiles,2001,2002,1326905104566,Faculty of Psychology
Prescott,Rogez,2001,2022,8994041467772,Faculty of Biology and Geoscience
Noby,Doers,2000,2009,2145432272302,Faculty of Psychology
Roderich,Mewe,1997,2014,2201667319890,Faculty of History and Philosophy
Warren,Canto,1999,2005,1957670626349,Faculty of Mathematics and Informatics
Abel,McClelland,2001,2005,5709103829129,Faculty of Biology and Geoscience
Vito,Nerval,2002,2015,1730144790243,Faculty of Biology and Geoscience
Caterina,Topaz,1998,2001,5693204904817,Faculty of Journalism and Communication Sciences
Art,Smithyman,1995,2018,6434213361735,Faculty of Mathematics and Informatics
Felic,Trenfield,2002,2020,5838269644501,Faculty of Biology and Geoscience
Nicole,Bonnick,2002,2017,9128327952967,Faculty of Physics and Engineering
Melloney,Ramsdale,1999,2002,5826852338524,Faculty of Philology
Foster,Summerbell,1999,2014,5576195941613,Faculty of Psychology
Gregorio,Mowis,1996,2021,9393161875636,Faculty of Law
Nilson,Servis,2000,2004,2183052221705,Faculty of History and Philosophy
Vitia,Mossdale,2002,2007,5348998682289,Faculty of Psychology
Flory,Mullins,1997,2010,6279171809885,Faculty of Mathematics and Informatics
Olia,Breckon,1997,2012,313897354092,Faculty of Physics and Engineering
Briney,Ovesen,1998,2015,6972140187271,Faculty of Psychology
Brianne,Wrightson,1997,2006,6231744759587,Faculty of Chemistry and Chemical Technology
Brooks,Nardrup,1998,2018,367965626968,Faculty of Biology and Geoscience
Isabel,Vampouille,2002,2013,3578824156549,Faculty of History and Philosophy
Alphonse,Jerg,2000,2012,4670143060941,Faculty of Philology
Lynsey,Durward,2001,2019,9021489974052,Faculty of Mathematics and Informatics
Marysa,Mourge,1996,2002,1662852137796,Faculty of Mathematics and Informatics
Conrad,Petrecz,1997,2013,9585787550506,Faculty of International Relations
Gabi,Bonfield,1995,2002,5986361591786,Faculty of Journalism and Communication Sciences
Chaddy,Gruczka,1998,2008,3745929600265,Faculty of International Relations
Timoteo,Crop,2001,2012,4345965034045,Faculty of Biology and Geoscience
Tammi,Camerana,2002,2022,7383755868696,Faculty of Biology and Geoscience
Maxy,Tratton,1998,2014,9807949005584,Faculty of Philology
Talia,McCrackem,2002,2015,254247723157,Faculty of International Relations
Miquela,Ashworth,1998,2000,7887600971131,Faculty of History and Philosophy
Star,Drewson,1997,2003,5893373761250,Faculty of Mathematics and Informatics
Harli,Maddicks,1997,2020,6102878977663,Faculty of Philology
Jayme,Manjot,1997,2017,7267462824083,Faculty of History and Philosophy
Evvie,Bramont,1998,2005,2828366041333,Faculty of Chemistry and Chemical Technology
Jone,Hancell,1998,2005,4981783166335,Faculty of Chemistry and Chemical Technology
Kipp,Shickle,2001,2005,8246115783683,Faculty of Physics and Engineering
Benjamin,Kristof,1999,2020,6770177417238,Faculty of International Relations
Lezlie,Libero I,2000,2014,7362286088720,Faculty of Journalism and Communication Sciences
Gael,Whymark,1997,2014,8386686577053,Faculty of Philology
Correna,Montacute,2002,2020,5077765526977,Faculty of Mathematics and Informatics
Estrellita,Eldrid,1995,2010,1655759198790,Faculty of Law
Grant,Normanell,2002,2017,2762548114596,Faculty of Economic Sciences
Cahra,Logsdale,2000,2018,6496231028919,Faculty of Law
Lia,Dunbar,1996,2009,9685941704164,Faculty of Mathematics and Informatics
Jacinda,Lenahan,2000,2015,1262098928625,Faculty of Chemistry and Chemical Technology
Amory,Liverseege,1999,2010,4574235486848,Faculty of Journalism and Communication Sciences
Frankie,TeBroek,1997,2012,7736210369919,Faculty of Biology and Geoscience
Petey,Pacey,1999,2008,2095744184684,Faculty of Mathematics and Informatics
Constantine,Going,2001,2006,777100463698,Faculty of Psychology
Kenon,Overstone,2001,2005,8170660746528,Faculty of Economic Sciences
Ellene,Kem,2001,2005,5384420907580,Faculty of Physics and Engineering
Lou,Freestone,1998,2010,3878628864932,Faculty of Philology
Juliet,Dykes,2000,2012,4892888239270,Faculty of Journalism and Communication Sciences
Laura,Hinkens,1998,2020,6043736180786,Faculty of Chemistry and Chemical Technology
Miguel,Stratton,2002,2005,9853208730826,Faculty of Law
Marve,Runacres,1996,2009,7889022438617,Faculty of Mathematics and Informatics
Rodolfo,Holdforth,1997,2013,1053238826529,Faculty of International Relations
Kimmie,Yoskowitz,2002,2004,6703940277003,Faculty of Chemistry and Chemical Technology
Bradan,Woodland,2001,2002,7865280494864,Faculty of Biology and Geoscience
Kary,Deeny,1998,2018,5796519837965,Faculty of International Relations
Antone,Waadenburg,2001,2008,6887650669356,Faculty of Economic Sciences
Terencio,Bettaney,1995,2001,5428801991939,Faculty of Mathematics and Informatics
Britt,Cumesky,1996,2020,4355418793540,Faculty of Physics and Engineering
Olympie,Radeliffe,1996,2013,5573591204328,Faculty of Mathematics and Informatics
Josee,Trevaskiss,2001,2000,779089373170,Faculty of Physics and Engineering
Honoria,Echalier,1998,2014,1221194267955,Faculty of Journalism and Communication Sciences
Doe,McGann,1995,2001,9509837750827,Faculty of Philology
Padget,Dashkovich,2000,2006,709380837257,Faculty of Chemistry and Chemical Technology
Anatola,Yukhnini,1998,2011,2810021175936,Faculty of Psychology
Felicity,Pleace,1995,2020,6249059072616,Faculty of Chemistry and Chemical Technology
Salvatore,Cloney,1995,2005,7488754259144,Faculty of Psychology
Arv,Vicary,2002,2017,4339049676110,Faculty of Law
Harley,Foxall,1995,2018,4494742925289,Faculty of Economic Sciences
Allie,Cotterel,2001,2006,8852447745928,Faculty of Physics and Engineering
Concettina,Bremen,1996,2021,7298892510812,Faculty of Philology
Carmon,McAloren,1998,2002,5821802306560,Faculty of Economic Sciences
Kelsy,Clinkard,2002,2015,7413459856840,Faculty of Mathematics and Informatics
Kellsie,Penreth,1999,2019,852086041602,Faculty of Psychology
Weston,Iiannone,2000,2008,8009294823931,Faculty of Law
Ardyce,Kacheller,1999,2021,7542560181220,Faculty of Law
Gabbi,Goulborn,2002,2020,5703201228752,Faculty of Chemistry and Chemical Technology
Lindsey,Carlisi,2001,2006,5113090645515,Faculty of Economic Sciences
Rollie,Abramcik,1999,2022,174591257086,Faculty of Biology and Geoscience
Isadore,Ellerman,2001,2007,2950049827647,Faculty of Chemistry and Chemical Technology
Gay,Carrier,1995,2010,9370285381782,Faculty of Chemistry and Chemical Technology
Bogey,Gerren,1995,2016,9371417682557,Faculty of Psychology
Leland,MacMearty,1997,2012,7419505903474,Faculty of Biology and Geoscience
Delaney,Romera,1996,2006,314073141091,Faculty of International Relations
Gothart,Fernando,2002,2005,6294573745143,Faculty of History and Philosophy
Desmond,Franke,2000,2012,6375743302814,Faculty of Economic Sciences
Melonie,McCulley,1995,2002,2223184534449,Faculty of Psychology
Moyra,Casement,1995,2004,9346921296417,Faculty of Psychology
Joshua,Wallett,2000,2010,1226244477493,Faculty of Journalism and Communication Sciences
Granville,Harback,2000,2014,2580167913121,Faculty of Chemistry and Chemical Technology
Elbertine,Penson,2001,2018,8999639480114,Faculty of Chemistry and Chemical Technology
Calida,Housbey,1998,2007,7002803998934,Faculty of Biology and Geoscience
Biron,Dumingos,1998,2009,3420778623899,Faculty of Economic Sciences
Louie,Beeck,1998,2014,7878046822623,Faculty of International Relations
Brianna,Ludwikiewicz,2002,2006,5354239412832,Faculty of Physics and Engineering
Bride I,Lugg,1999,2019,9682560443615,Faculty of Economic Sciences
Kate,Summerlad,1997,2015,5338644277910,Faculty of Economic Sciences
Hobard I,Orwell,2000,2003,3138408204043,Faculty of Physics and Engineering
Kanya,Jallin,2000,2021,1303926661437,Faculty of Biology and Geoscience
Sibel,Dundredge,1995,2006,732006825358,Faculty of Law
Kikelia,Chasles,1998,2003,2153300593432,Faculty of Chemistry and Chemical Technology
Nickolai,Hegge,1998,2019,5484696368180,Faculty of Biology and Geoscience
Worth,Cottisford,1996,2020,3887953931999,Faculty of History and Philosophy
Geno,Gallego,1999,2020,7718039726517,Faculty of Chemistry and Chemical Technology
Roobbie,Balls,1996,2015,3308489407153,Faculty of Physics and Engineering
Jacky,Summerrell,2002,2004,8574115321109,Faculty of Psychology
Catharine,Swatten,2001,2001,9189117566355,Faculty of Journalism and Communication Sciences
Elke,Kingh,2001,2009,8811000365556,Faculty of Chemistry and Chemical Technology
Teador,Cruikshanks,1996,2004,6904526649096,Faculty of Biology and Geoscience
Shelton,Kane,1999,2006,1252695298381,Faculty of Journalism and Communication Sciences
Aurore,Staite,1995,2001,2578181573228,Faculty of Law
Janean,Merryman,1998,2013,5916454727515,Faculty of Economic Sciences
Homer,Mulvaney,2002,2009,6266416003057,Faculty of Psychology
Christy,LaPadula,1997,2009,3094146399749,Faculty of Law
Atlante,Zukierman,2000,2005,3268962485919,Faculty of International Relations
Reinold,Jery,1998,2000,372485624756,Faculty of Psychology
Lindsy I,Maccaddie,1996,2018,2072157384442,Faculty of Law
Murdoch,Hackford,1998,2018,2607427174716,Faculty of Psychology
Frederick,Blazynski,2001,2013,6724907867457,Faculty of Biology and Geoscience
Mallory,Whitty,1996,2012,9206337109132,Faculty of History and Philosophy
Agustin,Beyn,2002,2009,1515314750856,Faculty of Philology
Malva,Keitley,1995,2001,5481915197979,Faculty of History and Philosophy
Gerry,Shulver,2002,2022,1728925422190,Faculty of Psychology
Kelsey,Hallitt,1996,2012,4423870996262,Faculty of Physics and Engineering
Jacquelin,McCome,1998,2002,1199174757780,Faculty of International Relations
Hale,Edwinson,1997,2011,8929685358942,Faculty of International Relations
Jolyn,Fernehough,1995,2012,7350515497808,Faculty of Economic Sciences
Cornelia,Duprey,1999,2012,9164956871228,Faculty of Journalism and Communication Sciences
Neila,Marrian,1999,2009,1337731389021,Faculty of Psychology
Lynne,Wartnaby,1996,2000,7232692938897,Faculty of Psychology
Casper,Guillard,1996,2014,8385536682732,Faculty of History and Philosophy
Faunie,Sigart,2000,2007,9134997486558,Faculty of International Relations
Pascale,Borlease,2001,2010,7832548980389,Faculty of Psychology
Jesselyn,Pacher,2002,2009,6268610056919,Faculty of Economic Sciences
Farrand,Rothert,1997,2019,9188727330953,Faculty of Law
Bing,Angeli,2000,2002,8316743299317,Faculty of Philology
Leanora,Spick,1995,2017,9740389886572,Faculty of History and Philosophy
Silvie,Colliver,1995,2021,4727869432622,Faculty of Law
Natalie,Bernon,1998,2000,8489799375545,Faculty of Biology and Geoscience
Vivie,Pammenter,1997,2020,1343617004286,Faculty of History and Philosophy
Bradford,Sleaford,1997,2019,9068729123396,Faculty of Psychology
Gigi,Lamport,2002,2004,1461832855715,Faculty of Chemistry and Chemical Technology
Ellene I,Kalinowsky,1995,2019,9449817362007,Faculty of Philology
Umberto,Doll,1996,2018,9927571919741,Faculty of International Relations
Hashim,Hampson,2000,2005,9962735901002,Faculty of Journalism and Communication Sciences
Bess,Yoxall,1996,2010,6038566746474,Faculty of Journalism and Communication Sciences
Engracia I,Massard,2002,2003,7678274179810,Faculty of Journalism and Communication Sciences
Melinda,Galland,1997,2002,4084812989564,Faculty of Psychology
Carolyn,Feeney,2000,2018,8441912371923,Faculty of Law
Latisha,Blondelle,1996,2018,1886338460137,Faculty of Economic Sciences
Patrica,Quye,1998,2000,5884469171946,Faculty of Law
Dukey,Avrashin,1995,2014,8248293565596,Faculty of Biology and Geoscience
Bobbe,Kynson,1997,2011,7211732976166,Faculty of History and Philosophy
Kyrstin,Alfonzo,1999,2000,1726585190913,Faculty of International Relations
Heida,Chittleburgh,1999,2017,1089390357477,Faculty of History and Philosophy
Nessi,Giamitti,2002,2016,1157212970662,Faculty of Psychology
Kizzee,Hutable,1998,2008,8800897991851,Faculty of Economic Sciences
Skipp,Rhyme,2001,2009,7220636653760,Faculty of Journalism and Communication Sciences
Vincenz,Lambricht,1999,2007,1153419063052,Faculty of International Relations
Carree,Speachley,1998,2001,5131708026860,Faculty of Biology and Geoscience
Inger,Devigne,1995,2017,7630553051239,Faculty of Mathematics and Informatics
Margeaux,Berthelet,1998,2008,6425635492504,Faculty of Biology and Geoscience
Gaspard,Raeburn,2002,2004,6158404545031,Faculty of Philology
Missy,Castana,2001,2008,6135871854675,Faculty of Mathematics and Informatics
Cloe,Glasgow,2000,2000,7713161907130,Faculty of Psychology
Tiffani,Toogood,1996,2013,7004406101008,Faculty of Psychology
Corette,Veronique,2002,2005,5359963323223,Faculty of Mathematics and Informatics
Teodoro,Lauridsen,2002,2001,9672845798374,Faculty of Philology
Tiffani I,Wintour,1997,2000,7977583688369,Faculty of Biology and Geoscience
Alan,Fulk,2001,2005,5454853131590,Faculty of Mathematics and Informatics
Nola,Calken,1996,2018,3112159817267,Faculty of Physics and Engineering
Andris,Lyddy,2000,2021,7059292362579,Faculty of Economic Sciences
Marsiella,MacEveley,1996,2022,9160145727175,Faculty of Biology and Geoscience
Friedrick,Tuckley,1996,2007,6966729961690,Faculty of Biology and Geoscience
Miles,Ewert,1998,2008,1924272003884,Faculty of Journalism and Communication Sciences
Xymenes,Lilleycrop,1999,2007,9864603724101,Faculty of Biology and Geoscience
Antonetta,Wheatley,2002,2017,5836517197652,Faculty of Physics and Engineering
Ty,Moyler,2002,2006,2300231738317,Faculty of Philology
Pierrette,Wroughton,2002,2010,5939969990477,Faculty of Psychology
Rafi,Holbarrow,2002,2005,5082840972057,Faculty of Philology
Eolanda,Scrammage,1996,2007,3246963378984,Faculty of Philology
Laughton,Mityushin,1998,2012,1486011679265,Faculty of Psychology
Karyl,Gheerhaert,2001,2016,8843725654889,Faculty of Biology and Geoscience
Madelina,Trimmill,2002,2010,8217823943377,Faculty of Chemistry and Chemical Technology
Jamesy I,Benazet,1998,2015,4519931995245,Faculty of History and Philosophy
Iorgos,Mooreed,2002,2013,5492547239156,Faculty of Chemistry and Chemical Technology
Sorcha,Parysiak,1996,2016,5702896445667,Faculty of International Relations
Flori,Merriday,2000,2004,7361324116667,Faculty of Economic Sciences
Alidia,Peevor,1999,2010,4079203612271,Faculty of Law
Addison,Canedo,2002,2001,1681367431201,Faculty of Law
Amby,Goggin,1996,2015,6419873026309,Faculty of Physics and Engineering
Caren,Amort,2001,2009,9260069183247,Faculty of International Relations
Tan,Ricards,2000,2008,197115229475,Faculty of Philology
Florence,Casey,2000,2009,5236850003659,Faculty of Philology
Elena,MacGown,1996,2008,5614215278623,Faculty of Physics and Engineering
Arnuad,Dacca,2000,2014,4237613465810,Faculty of Chemistry and Chemical Technology
Silvie I,Waring,1996,2004,9341436258292,Faculty of Chemistry and Chemical Technology
Artemas,Dignon,2002,2022,1239420820736,Faculty of Philology
Berthe,Edwardes,2001,2004,811401082450,Faculty of Physics and Engineering
Matthias,McCrorie,1996,2010,2800065968664,Faculty of Psychology
Evangeline,Oliveti,2002,2000,9475755578312,Faculty of History and Philosophy
Lotte,Dunnaway,1999,2016,935476047089,Faculty of History and Philosophy
Bordie,Boots,1996,2010,833190219524,Faculty of Economic Sciences
Bambi,Lenney,1995,2007,3250197131347,Faculty of Philology
Benton,Habron,1997,2018,3063704174580,Faculty of Biology and Geoscience
Amii,Lyptratt,2001,2002,6002698189872,Faculty of Physics and Engineering
Ottilie,Dallison,1995,2011,2352595458281,Faculty of Psychology
Renate,Stackbridge,1997,2010,1479766133195,Faculty of Psychology
Nickolai I,Eacle,2001,2003,9126942165109,Faculty of Journalism and Communication Sciences
Doralynne,BenAharon,1996,2012,4324376822746,Faculty of Chemistry and Chemical Technology
Jillana,Meckiff,1999,2007,7579752771458,Faculty of Biology and Geoscience
Raddy,Allcott,1995,2003,1913190194751,Faculty of History and Philosophy
Sibylle,Ucchino,1999,2008,6127238840214,Faculty of International Relations
Kitti,Pickervance,2001,2003,1731167595307,Faculty of Physics and Engineering
Alvan,Marzelo,1995,2010,3011936965641,Faculty of History and Philosophy
Rozamond,Walak,2000,2004,2836730191078,Faculty of Chemistry and Chemical Technology
Rab,Hadye,1997,2022,9267025474346,Faculty of International Relations
Banky,Zupo,1998,2019,8599124050928,Faculty of Chemistry and Chemical Technology
Claudina,Teas,2001,2020,1331450531731,Faculty of Philology
Shelbi,Nussgen,2000,2012,8191462384300,Faculty of History and Philosophy
Rici,McGenn,1998,2000,2432379212846,Faculty of Mathematics and Informatics
Jewelle,Jacobsson,1998,2016,6726764853724,Faculty of History and Philosophy
Parry,Coppen,2000,2020,6421918423812,Faculty of International Relations
Gustav,Stringman,1997,2010,182516349659,Faculty of Economic Sciences
Gregorius,Glassman,1995,2017,7180674260457,Faculty of History and Philosophy
Dyana,McVrone,1996,2004,5702656273828,Faculty of History and Philosophy
Lucky,Peddersen,1997,2015,6997862587719,Faculty of Philology
Sayres,Freegard,1998,2018,9315411270688,Faculty of Law
Gerta,Leonard,1996,2004,7227930334398,Faculty of International Relations
Ainsley,Hitcham,2000,2001,7671248235978,Faculty of Biology and Geoscience
Maud,Rosentholer,2001,2003,6107483794027,Faculty of Psychology
Tessi,Blanchette,1995,2005,3853256532083,Faculty of International Relations
Zacharie,Hobden,2002,2012,5694031398900,Faculty of Biology and Geoscience
Codi,Borrett,2002,2014,4531209204122,Faculty of Philology
Constanta,Meo,1999,2002,2158627667348,Faculty of Psychology
Bee,Dorr,1995,2012,1566454953790,Faculty of Journalism and Communication Sciences
Dottie,Stemson,1996,2021,9435619841329,Faculty of Physics and Engineering
Claire,Swadlinge,1995,2003,9971297218756,Faculty of Chemistry and Chemical Technology
Michel,Antuoni,1997,2014,1896095353846,Faculty of Philology
Rona,Fudge,1998,2013,9942650217063,Faculty of Mathematics and Informatics
Arnuad I,Zarfat,1999,2000,9632566910984,Faculty of Physics and Engineering
Wright,Yelyashev,2001,2001,7403263559181,Faculty of History and Philosophy
Giacobo,Saintpierre,1999,2018,3231534723901,Faculty of Chemistry and Chemical Technology
Daloris,Wiburn,2000,2016,9790325380968,Faculty of Philology
Reginald,Treversh,2001,2013,4705297798294,Faculty of Journalism and Communication Sciences
Faulkner,Filipson,1998,2015,9472599177802,Faculty of Mathematics and Informatics
Engracia II,Janauschek,1997,2013,3047257572300,Faculty of International Relations
Valeda,Bettenay,2001,2005,4274788328863,Faculty of Physics and Engineering
Bobbie,Manger,2002,2006,4695468924448,Faculty of Economic Sciences
Maureen,Leggate,1996,2015,6364616075507,Faculty of Journalism and Communication Sciences
Yorgos,Joslyn,1996,2005,6639068864469,Faculty of Biology and Geoscience
Gerry I,Barlas,1996,2017,6173191694512,Faculty of International Relations
Tobi,Savine,2002,2017,2447664428706,Faculty of Philology
Alvan I,Lorraine,2002,2022,3947162848024,Faculty of Philology
Lucius,Rosenfrucht,2000,2012,3379132536707,Faculty of Chemistry and Chemical Technology
Nathanial,Tomalin,1996,2009,4051343168987,Faculty of Mathematics and Informatics
Carmella,DuFray,2000,2009,1599752911711,Faculty of History and Philosophy
Rodrick,Bratch,2002,2014,4670223709059,Faculty of Chemistry and Chemical Technology
Keary,France,1998,2006,8539084552409,Faculty of Psychology
Darn,Trevor,2000,2007,9438208315239,Faculty of Psychology
Clarance,Linay,2002,2019,5383527604012,Faculty of Physics and Engineering
Ronnica,Urry,1995,2017,7514026349124,Faculty of Biology and Geoscience
Lowell,Stocker,2002,2015,300011705597,Faculty of History and Philosophy
Eydie,Renols,2000,2020,9323428788816,Faculty of Journalism and Communication Sciences
Elnar,Chinnock,2000,2004,2764209715544,Faculty of Journalism and Communication Sciences
Linda,Freeth,2000,2003,9211102816272,Faculty of Physics and Engineering
Jim,Tooting,1998,2005,6064446097281,Faculty of Physics and Engineering
Phillipe,Cowitz,2001,2020,5489609604446,Faculty of Law
Claus,Gilffilland,1995,2017,5358809615524,Faculty of Law
Christalle,Klampk,1995,2006,5343037434573,Faculty of Philology
Rana,Roger,1999,2005,457605322305,Faculty of History and Philosophy
Charmain,Shermore,1998,2018,736861126979,Faculty of Economic Sciences
Ginevra,Lumsdon,1999,2010,5647953950669,Faculty of Biology and Geoscience
Dalli,Theakston,1996,2012,2977602767784,Faculty of Chemistry and Chemical Technology
Zaria,Chalcot,1997,2017,7010463735204,Faculty of Economic Sciences
Margette,Filyashin,1999,2007,6475076081452,Faculty of Journalism and Communication Sciences
Rubia,Lorrimer,2000,2003,7708625105977,Faculty of Law
Leda,Cuddehy,2002,2006,1306955316792,Faculty of International Relations
Myca,McCay,1996,2015,9568962447014,Faculty of Journalism and Communication Sciences
Arturo,Lampart,2002,2016,3652841485843,Faculty of International Relations
Colly,Comellini,2001,2022,6520443017066,Faculty of Philology
Mab,Wareing,1996,2014,7731746657569,Faculty of Law
Benjamen,Notley,2002,2015,2847732805195,Faculty of Physics and Engineering
Bud,Sedger,2001,2014,2315159833761,Faculty of History and Philosophy
Jade,Mapes,2002,2016,3416530090687,Faculty of Economic Sciences
Alasteir,Phetteplace,2002,2003,2791238934251,Faculty of Psychology
Maxine,Linkie,1999,2019,9863233092034,Faculty of Physics and Engineering
Pearl,Bindley,1996,2022,6836739790590,Faculty of International Relations
Fionnula,Swan,2001,2013,2196537955367,Faculty of Law
Dreddy,Sijmons,1996,2001,6977729794866,Faculty of Philology
Lonnie,Littrick,1996,2017,1341657748864,Faculty of Law
Abbie,Kerfod,1996,2005,5976313258866,Faculty of Journalism and Communication Sciences
Leigha,Morforth,2000,2009,8034007948273,Faculty of Physics and Engineering
Sena,Kynge,2000,2005,8564060425154,Faculty of Mathematics and Informatics
Saraann,Abrashkin,1998,2022,9115539737935,Faculty of Economic Sciences
Urson,Sarchwell,2002,2003,1180866559051,Faculty of Law
Gallagher,Wittey,1998,2003,8752580085863,Faculty of International Relations
Jude,Mortimer,2001,2008,3694868527216,Faculty of International Relations
Roxana,Cubitt,1995,2000,654620513755,Faculty of Biology and Geoscience
Lauren,Meace,1997,2020,9188691473657,Faculty of Mathematics and Informatics
Rustie,Knell,2001,2008,1606574256503,Faculty of Economic Sciences
Marjorie,Tenaunt,2001,2005,3273348426637,Faculty of History and Philosophy
Marie,Cammock,1995,2000,4138651361767,Faculty of Chemistry and Chemical Technology
Philis,Curmi,1999,2019,8394318234614,Faculty of Psychology
Humberto,Martelet,1997,2009,7883452355383,Faculty of Law
Jayne,Fargie,1995,2007,3554615986410,Faculty of Philology
Blinni,Giraudou,2000,2010,1982198261034,Faculty of Physics and Engineering
Brana,Stephenson,1996,2010,2366346354190,Faculty of Chemistry and Chemical Technology
Leese,McCorley,2000,2020,6429420487586,Faculty of Physics and Engineering
Hedwig,Harner,2000,2006,1076289103828,Faculty of Psychology
Roxi,Clohessy,2000,2018,7659239837310,Faculty of Psychology
Doralynn,Abatelli,1999,2008,1366238210315,Faculty of History and Philosophy
Skippie,Joriot,2002,2011,6542390620352,Faculty of Philology
Nicoli,Moff,2000,2005,1799024838240,Faculty of Law
Werner,Kember,1999,2004,7516270764557,Faculty of Mathematics and Informatics
Wendel,Bettington,2001,2000,8025604406277,Faculty of International Relations
Stuart I,Bordiss,1998,2014,2610514320437,Faculty of Biology and Geoscience
Alice,Sired,1996,2007,5886755836740,Faculty of Biology and Geoscience
Neilla,Loughran,2002,2001,3723897318740,Faculty of Economic Sciences
Guinevere,Legen,1997,2021,266765044473,Faculty of Law
Forrest,Barnaclough,1997,2001,9429781639184,Faculty of Journalism and Communication Sciences
Shari,Veness,2000,2007,850608075102,Faculty of Chemistry and Chemical Technology
Leandra,Teas I,1999,2022,1675345046086,Faculty of History and Philosophy
Travus,Cathee,1997,2003,4990804514692,Faculty of Mathematics and Informatics
Sherri,Bordiss I,1999,2007,1702624435575,Faculty of International Relations
Nappie,Carleton,1999,2020,7177835467023,Faculty of Physics and Engineering
Drugi,Shewen,1997,2015,194400615434,Faculty of Biology and Geoscience
Kessiah,Ellesworth,1996,2014,4895153949327,Faculty of Economic Sciences
Gannon,Yancey,2001,2022,4398234004131,Faculty of Biology and Geoscience
Edee,Allderidge,2002,2010,7903141840606,Faculty of Economic Sciences
Horatius,Brothwell,1995,2021,7713048876741,Faculty of Physics and Engineering
Nolana,Bumpas,1998,2008,3470487947821,Faculty of Biology and Geoscience
Aeriell,Trusslove,1996,2008,8135577587348,Faculty of Economic Sciences
Aubert,Grushin,2001,2003,4166272506168,Faculty of Chemistry and Chemical Technology
Lauren I,Oloshin,2001,2010,3238220543971,Faculty of Philology
Emmerich,Hudspeth,1995,2012,6964174849314,Faculty of Journalism and Communication Sciences
Eliza,Maddams,1995,2001,6268574076444,Faculty of International Relations
Judi,MacCostye,2000,2005,7789496598614,Faculty of Biology and Geoscience
Reggy,Shale,1999,2002,4264291043571,Faculty of Economic Sciences
Murielle,Rivelin,2000,2003,6797785902678,Faculty of History and Philosophy
Grantham,Aveson,2002,2013,3825862937042,Faculty of Psychology
Koo,Livesley,2002,2006,2845067733485,Faculty of Philology
Midge,McVaugh,2002,2022,8308287333071,Faculty of Philology
Leonidas,Turneaux,1999,2008,3880596699417,Faculty of Physics and Engineering
Tillie,Kinnett,2002,2013,8348860130496,Faculty of Philology
Garrot,Cook,2000,2001,9381277562414,Faculty of Philology
Webb,Martinuzzi,1997,2011,8520491210121,Faculty of Chemistry and Chemical Technology
Gerik,Cowe,2001,2003,6676633425983,Faculty of Biology and Geoscience
Edeline,Keat,1998,2001,5678839826849,Faculty of Psychology
Andras,Vasic,2002,2003,2552658948581,Faculty of International Relations
Lexis,Catcherside,1997,2000,7152375182737,Faculty of Philology
Nedi,Frackiewicz,2000,2021,1271555028036,Faculty of Biology and Geoscience
Jocelin,Blackie,1996,2007,9316329699304,Faculty of Biology and Geoscience
Rubie,Freyn,1996,2009,6583587022940,Faculty of Psychology
Sher,Keightley,1995,2019,6767897598190,Faculty of Journalism and Communication Sciences
Lauritz,Sherston,1999,2019,6210462607313,Faculty of Journalism and Communication Sciences
Bogart,Heinritz,2002,2013,736004907333,Faculty of Physics and Engineering
Townsend,Castells,1998,2016,1138534401006,Faculty of Journalism and Communication Sciences
Camilla I,Caudrelier,2001,2009,5950123061774,Faculty of Physics and Engineering
Willi,Barthelmes,2001,2018,8281623750196,Faculty of Psychology
Eleonora,Howgill,1998,2015,5344505948343,Faculty of Chemistry and Chemical Technology
Jennette,Eddow,1996,2011,7471081975114,Faculty of International Relations
Marlena,Davie,1995,2016,3952722670506,Faculty of Physics and Engineering
Arlin,Godfree,1996,2008,7595023360487,Faculty of Law
Lammond,Tippell,1996,2011,2344566710984,Faculty of Journalism and Communication Sciences
Urban,Knibley,2002,2001,4805557214763,Faculty of International Relations
Clement,Tayspell,1995,2021,3359688506148,Faculty of International Relations
Livy,Blackler,2001,2020,3217772491804,Faculty of Psychology
Tammie,Antony,1997,2019,9419790945069,Faculty of Journalism and Communication Sciences
Tuckie,Pering,1997,2000,7912359571176,Faculty of Biology and Geoscience
Kamillah,Hakewell,2000,2014,9138198910912,Faculty of Journalism and Communication Sciences
Nicholle,Weatherall,2001,2021,2847827413932,Faculty of Mathematics and Informatics
Dolli I,Kinnier,2001,2007,4790571971932,Faculty of Biology and Geoscience
Fanechka,Manuelli,2001,2014,1926376736062,Faculty of Economic Sciences
Emilie,Wakeman,1996,2012,2706961570727,Faculty of Psychology
Angelina,Oake,2002,2016,2675756852339,Faculty of International Relations
Sheffy,Tysack,2002,2011,6780077361383,Faculty of Chemistry and Chemical Technology
Jaimie,Gier,1997,2006,6371142582303,Faculty of Biology and Geoscience
Thatcher,Molines,1997,2001,6779381335234,Faculty of Journalism and Communication Sciences
Aurthur,Rumens,1998,2004,5964606474900,Faculty of History and Philosophy
Cordell,Quarrell,1999,2004,3408351935787,Faculty of Philology
Ellene II,Nial,2002,2017,7146405891414,Faculty of Mathematics and Informatics
Eleen,Chastey,1998,2012,6131881424189,Faculty of Mathematics and Informatics
Ula,Suttell,1995,2016,7469190715745,Faculty of Philology
Roselle,Papaminas,1996,2006,9467628642772,Faculty of Economic Sciences
Fred,Duding,2001,2017,2176013697384,Faculty of Economic Sciences
Beverlee,Boddis,1998,2012,8006379430385,Faculty of Economic Sciences
Bobby,Maclaine,2002,2017,9406450649586,Faculty of Psychology
Derrick I,Yvens,1996,2011,4522973377120,Faculty of History and Philosophy
Wallace,Krauze,1998,2001,8750658476448,Faculty of Philology
Burr,Jouannisson,1998,2021,558029662159,Faculty of Psychology
Lorita,Perulli,1995,2020,8325589839753,Faculty of Mathematics and Informatics
Crystie,Lane,2002,2004,2806077669100,Faculty of Psychology
Virge,Hickin,1995,2013,9649047005068,Faculty of Mathematics and Informatics
Raimundo,Carletti,1998,2008,2808729571388,Faculty of Physics and Engineering
Fidela,Mistry,2002,2020,1442944057222,Faculty of Philology
Gates,Scrimshire,1996,2007,5363097248301,Faculty of Law
Maxi,Easthope,1996,2007,9205284922142,Faculty of Psychology
Karee,Theaker,1999,2007,6027052176906,Faculty of International Relations
Aubrette,Abdey,2001,2005,5938658020721,Faculty of Journalism and Communication Sciences
Skelly,Woodus,1998,2022,4858656645378,Faculty of Biology and Geoscience
Stirling,Isworth,2001,2019,8012359820193,Faculty of Biology and Geoscience
Leonardo,Becraft,2001,2006,484263609475,Faculty of Philology
Celeste,Jumonet,1998,2011,4332726134445,Faculty of History and Philosophy
Gherardo,Leason,2000,2022,3052673590234,Faculty of International Relations
Clovis,Leon,1998,2021,2500608254180,Faculty of Physics and Engineering
Grete,Cracie,1998,2006,7070956432059,Faculty of Biology and Geoscience
Yolanthe,Thomasson,1997,2012,7465793065409,Faculty of Biology and Geoscience
Ninon,Parkyns,1997,2003,161546187134,Faculty of Chemistry and Chemical Technology
Ernaline,Feehily,1995,2015,5659944809731,Faculty of Mathematics and Informatics
Giselbert,Durnford,1998,2008,3383216381505,Faculty of Biology and Geoscience
Johnnie,Loan,2002,2010,122023680314,Faculty of International Relations
Willem,Doy,2000,2008,1558825530056,Faculty of Mathematics and Informatics
Kennett,Brimilcombe,1998,2016,4923088273460,Faculty of Physics and Engineering
Gareth,Jobin,2000,2002,4430192046636,Faculty of Economic Sciences
Clarissa I,Rougier,2002,2009,792690291210,Faculty of Law
Mar,Martinon,2000,2000,1399542251534,Faculty of Journalism and Communication Sciences
Kaleena,Hurle,2000,2020,5028085828836,Faculty of Physics and Engineering
Bonnee,Gladtbach,1999,2005,5650119128887,Faculty of Physics and Engineering
Minda,Minors,1996,2002,8104114145182,Faculty of Physics and Engineering
Brittni,Fidoe,1998,2012,332534961084,Faculty of Mathematics and Informatics
Harli I,Sturgeon,1995,2010,5404048496226,Faculty of Law
Patrice,Jellard,2001,2021,5697536446149,Faculty of Mathematics and Informatics
Ky,Lenglet,1997,2004,5801352027350,Faculty of Philology
Wesley,Gerrit,2001,2007,9084977775483,Faculty of Law
Adrianne,Worviell,2002,2000,8101947352831,Faculty of Journalism and Communication Sciences
Robinson,Edmans,1999,2010,9773116043941,Faculty of History and Philosophy
Tabbitha,Ingley,2002,2005,9241530258490,Faculty of Economic Sciences
Dulcine,Dracey,1996,2006,2276476407304,Faculty of History and Philosophy
Aggie,Coll,2002,2005,8842338120801,Faculty of History and Philosophy
Vevay,Hebblethwaite,2002,2012,1938833349248,Faculty of Economic Sciences
Thorin,Brodest,1999,2013,4004473383199,Faculty of International Relations
Brigitta,Cosgry,1997,2010,6593618002560,Faculty of Biology and Geoscience
Christophorus,Bannell,1998,2020,3717479253948,Faculty of Economic Sciences
Amalee,Archdeckne,2000,2014,5413011031664,Faculty of Law
Betta,Emmott,2002,2018,6274987887961,Faculty of Law
Keefer,Ruddock,1996,2005,3429108460071,Faculty of Economic Sciences
Beitris,Barringer,2002,2013,7692565859855,Faculty of International Relations
Romonda,McCaghan,2000,2018,4431584222969,Faculty of Biology and Geoscience
Fredi,Rapsey,1996,2013,2941864940925,Faculty of Law
Erick,Bricknall,1998,2010,7768379556509,Faculty of Psychology
Alex,Wegner,1995,2003,5190214537904,Faculty of Philology
Melita,McMenamin,2000,2007,9081458510655,Faculty of Journalism and Communication Sciences
Zebedee,Gehrels,1997,2004,1905460734384,Faculty of Law
Vachel,Witherby,1996,2021,7379522020599,Faculty of Biology and Geoscience
Erek,Kelleway,2002,2010,1155652550776,Faculty of International Relations
Jereme,Keyse,2001,2003,2928081692837,Faculty of Biology and Geoscience
Sherlock,Coverlyn,1999,2017,244196691042,Faculty of Journalism and Communication Sciences
Michaela,Hablet,1997,2008,3398010139576,Faculty of Chemistry and Chemical Technology
Zara,Sudron,1997,2000,6679994355527,Faculty of History and Philosophy
Deloria,Malthus,1997,2014,3193716864931,Faculty of Physics and Engineering
Lari,Gimson,2000,2007,1843152446122,Faculty of Biology and Geoscience
Marge,Prettyjohn,1997,2011,9265788492089,Faculty of International Relations
Orbadiah,Hariot,1999,2017,9848550577633,Faculty of Psychology
Marita,Hynes,2000,2000,1709906652146,Faculty of International Relations
Loni,Jeandet,2002,2019,1009856731521,Faculty of History and Philosophy
Biddy,Marcroft,1998,2003,8661778335018,Faculty of History and Philosophy
Sloane,Mival,1996,2016,2264619724785,Faculty of Economic Sciences
Kaile,Bircher,2001,2012,8298313196341,Faculty of Philology
Leodora,Leisman,1999,2022,1067835884510,Faculty of Physics and Engineering
Jazmin,Bigham,2001,2005,3528971460415,Faculty of Psychology
Padriac,Jacobowicz,1996,2007,5628160235409,Faculty of Law
Heloise,Pickle,1996,2004,9183279368834,Faculty of Mathematics and Informatics
Perri,Roggerone,2000,2021,1045172080334,Faculty of Economic Sciences
Maud I,Woodburn,1998,2008,8348026749616,Faculty of Chemistry and Chemical Technology
Dasha,Anslow,2000,2007,8823031070270,Faculty of Physics and Engineering
Geno I,Harwin,1997,2011,2041325136142,Faculty of Biology and Geoscience
Beulah,Doale,1998,2013,5586810392246,Faculty of Philology
Yorgos I,Darch,1999,2002,8646806828021,Faculty of Biology and Geoscience
Ula I,Maybery,1996,2021,3348741325966,Faculty of Journalism and Communication Sciences
Katherine,Ludlem,1999,2015,3052384733223,Faculty of International Relations
Berke,Glidden,1998,2005,756091795658,Faculty of Chemistry and Chemical Technology
Cchaddie,Cardenoza,1996,2014,4763748321070,Faculty of Law
Orella,Rupel,1999,2019,6114383866839,Faculty of Biology and Geoscience
Leopold,Messiter,2001,2017,3409886210185,Faculty of Law
Junina,Kisbee,1995,2015,4305495980197,Faculty of Psychology
Piggy,Patterson,1999,2006,2745756230747,Faculty of Philology
Corrianne,Lipgens,1998,2017,3582646462824,Faculty of International Relations
Frederigo,Peppard,1995,2013,5985278124109,Faculty of Philology
Carmita,Dennidge,2002,2004,8941558841211,Faculty of Law
Rasla,Doherty,2000,2001,9429303605561,Faculty of Physics and Engineering
My,Camili,1999,2016,6433670170837,Faculty of Biology and Geoscience
Sheff,Pallasch,1997,2002,8487961166627,Faculty of Mathematics and Informatics
Betteann,Lade,1999,2022,8033771839993,Faculty of Psychology
Cleveland,Pigny,2001,2008,258395426135,Faculty of Biology and Geoscience
Donella,Weild,1999,2022,9350292342372,Faculty of History and Philosophy
Jamal,Yanin,2002,2013,3874155111685,Faculty of Law
Buiron,Caffery,1995,2014,8315766742525,Faculty of Chemistry and Chemical Technology
Maddie,Basnett,1999,2000,1472199627002,Faculty of History and Philosophy
Ty I,Lintot,1998,2005,1310145346634,Faculty of History and Philosophy
Junie,Crigin,2001,2003,1442759670760,Faculty of Physics and Engineering
Kenna,Frounks,1996,2011,9844651817203,Faculty of Mathematics and Informatics
Dyanna,Dreossi,1996,2008,9356426362904,Faculty of History and Philosophy
Alphonse I,Pessolt,1996,2008,985024268666,Faculty of Psychology
Val,Boocock,1995,2007,5292033277567,Faculty of Psychology
Hyacinth,Linch,1996,2016,1144430460130,Faculty of History and Philosophy
Mahalia,Slessar,2000,2007,7195126780439,Faculty of Physics and Engineering
Barbette,Ackers,1997,2017,1120309095539,Faculty of Journalism and Communication Sciences
Glenn I,Hurburt,2001,2018,5671051291597,Faculty of Philology
Felisha,Seager,1996,2004,7752076105983,Faculty of Law
Ezri,Jezard,2002,2008,2684031966335,Faculty of Physics and Engineering
Cynthy,Farquhar,1996,2018,5105065377662,Faculty of Psychology
Elbertine I,Carren,2002,2015,2290726457051,Faculty of Biology and Geoscience
Wendy,Biggs,1996,2015,1530570180267,Faculty of Economic Sciences
Sonny,Tigner,1997,2018,6702529824198,Faculty of Mathematics and Informatics
Filbert,McNaughton,1999,2008,8381184759500,Faculty of Economic Sciences
Andy,Stonier,1997,2002,8051084021834,Faculty of Chemistry and Chemical Technology
Minerva,Ragless,2002,2002,3124753324912,Faculty of Mathematics and Informatics
Allissa,Iliff I,2001,2018,7136864919332,Faculty of Psychology
Berkeley,Hosby,2001,2016,881072648016,Faculty of Philology
Jerald,Klemt,2001,2017,9008283814789,Faculty of Law
Eward,Bouzan,2000,2012,8525693396094,Faculty of Chemistry and Chemical Technology
Abrahan,Broadbury,1995,2004,9759750010717,Faculty of Philology
Tomasina,Meaney,1998,2013,165834417754,Faculty of Journalism and Communication Sciences
Gabriella,Burnapp,1995,2011,1843123043322,Faculty of Economic Sciences
Janis,Amie,2002,2001,203963479243,Faculty of Mathematics and Informatics
Aurlie,Chedgey,1998,2009,7873980224102,Faculty of Philology
Nicky,Lainge,2002,2005,7165918161419,Faculty of Economic Sciences
Chevy,StaintonSkinn,1996,2018,9157134897190,Faculty of Journalism and Communication Sciences
Ellery,Aitkenhead,2001,2015,3752155625638,Faculty of Chemistry and Chemical Technology
Darwin,Tompkin,1998,2004,5759448732458,Faculty of Biology and Geoscience
Gray,Forsyde,1999,2019,4536566726279,Faculty of Chemistry and Chemical Technology
Lombard,Eastwell,1997,2010,1236109362240,Faculty of Philology
Christoph,Julien,1999,2019,1040023127062,Faculty of Mathematics and Informatics
Morgen,Southcott,2000,2017,2004822957342,Faculty of Philology
Laureen,Balderson,2000,2002,1668644334183,Faculty of Journalism and Communication Sciences
Bekki,McGenn I,1997,2006,8286885808301,Faculty of Physics and Engineering
Dru,Marshalleck,1999,2008,7759933573654,Faculty of Biology and Geoscience
Andrei,Kobke,2001,2017,9079093717391,Faculty of Journalism and Communication Sciences
Dougy,Marchbank,1998,2013,3328715658734,Faculty of Psychology
Rochelle,Dolton,1996,2000,8046048460330,Faculty of Economic Sciences
Emmalyn,Free,1996,2000,2845661227035,Faculty of Psychology
Sunny,Aime,1997,2001,9176237303925,Faculty of Biology and Geoscience
Whitney,Crowhurst,1997,2014,855450207834,Faculty of International Relations
Neron,Derham,1997,2011,6015724962388,Faculty of Chemistry and Chemical Technology
Cyrill,Kevis,1998,2020,4984748847650,Faculty of International Relations
Vikky,Glendza,1998,2009,9924847917969,Faculty of Biology and Geoscience
Niels,Aslum,2002,2022,1799096510518,Faculty of Biology and Geoscience
Hashim I,Manz,1998,2011,6593818635661,Faculty of International Relations
Bobbie I,Andryushchenko,2002,2002,3629259947678,Faculty of Mathematics and Informatics
Tades,Gogerty,1995,2008,5043464717940,Faculty of History and Philosophy
Burl,Santello,2001,2021,2228517796245,Faculty of History and Philosophy
Cece,Busswell,1997,2018,5441160783858,Faculty of Psychology
Wilie,Shirtcliffe,1996,2001,6375973888256,Faculty of Biology and Geoscience
Freemon,Blaby,1999,2011,1355215257855,Faculty of Law
Cosette,Rhelton,1997,2017,1109752700912,Faculty of International Relations
Shurwood,McGaugan,1996,2022,896573067570,Faculty of Journalism and Communication Sciences
Claire I,Phelan,1999,2012,1622658259164,Faculty of International Relations
Cheston I,Petofi,1996,2009,7799759317259,Faculty of Journalism and Communication Sciences
Yvon,Carlan,1997,2018,4062165364297,Faculty of Mathematics and Informatics
Tatiana,Lipyeat,2001,2019,2628140348178,Faculty of Physics and Engineering
Karney,Darnbrough,2002,2013,2328864266471,Faculty of History and Philosophy
Arnold,McFie,1997,2007,2738899150189,Faculty of Journalism and Communication Sciences
Trudi,Twining,1995,2005,9084399551306,Faculty of Economic Sciences
Kristopher,Riordan,2000,2002,977329576679,Faculty of Biology and Geoscience
Lindie,Grestye,1999,2008,5330967041559,Faculty of Mathematics and Informatics
Keefer I,Tinmouth,2001,2004,5548790304948,Faculty of Law
Tatum,Challenor,1996,2011,2674469218720,Faculty of Economic Sciences
Ozzy,Boddis I,2001,2010,5559194310759,Faculty of International Relations
Leonid,Candie,2001,2007,6489003652097,Faculty of Law
Baudoin,Rollingson,1996,2013,1109239269899,Faculty of Law
Townsend I,Worpole,1995,2002,2998706726289,Faculty of Psychology
Anissa,Labusquiere,1998,2018,5255347085894,Faculty of Psychology
Yetta,Hambleton,1998,2013,869251181549,Faculty of Psychology
Malvin,Echalier I,1996,2007,6337965697917,Faculty of Psychology
Flo,Howsden,1997,2015,3902476262520,Faculty of Chemistry and Chemical Technology
Kirbee,Cescot,1996,2007,6576725659977,Faculty of Philology
Leonanie,Derby,2000,2001,3121189033697,Faculty of Philology
Gwendolyn,Groves,1998,2021,5965211546205,Faculty of Psychology
Tova,Chamberlin,1998,2013,5432743958147,Faculty of Biology and Geoscience
Faulkner I,Managh,1995,2016,7719434820767,Faculty of Chemistry and Chemical Technology
Elwood,Marzele,2000,2016,3534923452107,Faculty of Biology and Geoscience
Annalee,Sneaker,1995,2001,6817264113303,Faculty of Journalism and Communication Sciences
Margaretha,Ariss,1999,2018,9102565604641,Faculty of International Relations
Veradis,Meriet,2001,2016,8634726959015,Faculty of Physics and Engineering
Katherina,Hearse,1997,2017,2624923655546,Faculty of Chemistry and Chemical Technology
Kesley,Feeham,2000,2007,9565194211375,Faculty of Mathematics and Informatics
Stacy,Coventry,1995,2006,8891811291971,Faculty of Journalism and Communication Sciences
Freddy,Guidone,2002,2003,8942750370627,Faculty of Physics and Engineering
Rodger,Kytter I,2000,2006,1939715581262,Faculty of Economic Sciences
Artemas I,Wales,1996,2016,2140211408614,Faculty of Mathematics and Informatics
Katerine,Thebe,1995,2012,8214046501748,Faculty of International Relations
Ev,Hardi,2001,2002,5958929545001,Faculty of Mathematics and Informatics
Bernete,Tapp,1997,2003,8647857446066,Faculty of History and Philosophy
Daron,Franz,1995,2001,4085301584338,Faculty of Economic Sciences
Maura,Breming,1995,2007,8087109398908,Faculty of Biology and Geoscience
Libbey,Arnout,2000,2009,4277962007054,Faculty of Mathematics and Informatics
Cherie,Bichener,1996,2000,7468436397874,Faculty of International Relations
Marcellus,Frears,2002,2020,3288516294415,Faculty of Mathematics and Informatics
Trace,Bonnette,1996,2004,3488607397195,Faculty of Mathematics and Informatics
Nathanil,McIlroy,2002,2022,7905646418122,Faculty of Mathematics and Informatics
Kikelia I,Bate,1999,2015,3733155201068,Faculty of Physics and Engineering
Ainslie,Grishinov,1996,2002,2953899748210,Faculty of Mathematics and Informatics
Florentia,Vondrach,1995,2004,662432492950,Faculty of Journalism and Communication Sciences
Carlin,Vagges,1996,2016,196450841230,Faculty of Chemistry and Chemical Technology
Hayes,Dobie,1997,2016,4896771910257,Faculty of Journalism and Communication Sciences
Marla,Stetlye,2002,2004,8912246968217,Faculty of Economic Sciences
Skyler,Faull,2000,2021,2677374570602,Faculty of Mathematics and Informatics
Gavin,Deetlof,1996,2003,7149631218228,Faculty of International Relations
Duff,Sterte,1995,2008,6011352253886,Faculty of Mathematics and Informatics
Hartley,Geaney,2001,2014,7675196399603,Faculty of Journalism and Communication Sciences
Cordey,Siggers,1997,2010,4107809844629,Faculty of Psychology
Inglis,Gainfort,1996,2011,2836132049891,Faculty of History and Philosophy
Kalindi,Hathaway,1999,2007,3281206759143,Faculty of Philology
Royall,Wither,2002,2009,8825634181212,Faculty of Economic Sciences
Tremayne,Lehane,1995,2014,5981256176528,Faculty of Philology
Shoshanna,Penwright,1996,2005,8905990025817,Faculty of Philology
Sullivan,Verchambre,1996,2012,2095920926241,Faculty of Journalism and Communication Sciences
Ryan,Iacapucci,1997,2003,7043418739323,Faculty of Physics and Engineering
Berthe I,Senechell,1995,2019,3832072818596,Faculty of Mathematics and Informatics
Gisella,Archbould,2000,2018,1268487403541,Faculty of International Relations
Louie I,Wallen,1997,2021,3294574768595,Faculty of Mathematics and Informatics
Neal,Olivas,2001,2001,6258806684347,Faculty of Law
Roldan,Daenen,1998,2020,508894968111,Faculty of Law
Lemmy,Tuma,1998,2018,4813296077652,Faculty of Physics and Engineering
Pancho,Draaisma,2001,2021,6755740119423,Faculty of Psychology
Sherilyn,Cymper,1996,2000,4107015471186,Faculty of Physics and Engineering
Darice,Rosson,2000,2017,7125235786256,Faculty of Chemistry and Chemical Technology
Coralie,Josefsson,1996,2014,6096114454278,Faculty of Economic Sciences
Evered,Tucknott,1997,2007,4371986733323,Faculty of Philology
Phillipp,Silkston,2000,2020,7272857079870,Faculty of Economic Sciences
Robert,Kanter,1999,2005,9632282029307,Faculty of History and Philosophy
Clementina,Luckett,1995,2003,1215124305422,Faculty of Philology
Helen,Cassy,1995,2009,7211402031877,Faculty of Mathematics and Informatics
Andriana,Tavner,1998,2000,3655265067593,Faculty of Economic Sciences
Matelda,Gorhardt,2000,2004,7684124125784,Faculty of Physics and Engineering
Leupold,Bambrick,2001,2013,3468602648469,Faculty of Physics and Engineering
Idalina,Delouch,2000,2020,3099754891243,Faculty of Mathematics and Informatics
Loren,Gohier,1996,2019,2529289507168,Faculty of Biology and Geoscience
Romy,Reilly,1999,2001,2993177786278,Faculty of Chemistry and Chemical Technology
Amitie,Mott,2000,2017,9310519281531,Faculty of Economic Sciences
Igor,Schmuhl,1998,2006,785916151367,Faculty of Economic Sciences
Marshal,Itchingham,2001,2007,4409068876407,Faculty of Law
Adair,Shipperbottom,1997,2017,5350193933180,Faculty of Psychology
Nikaniki,Edbrooke,1998,2001,3772593746173,Faculty of International Relations
ABenton,Dendisie,1996,2002,7848096632939,Faculty of Journalism and Communication Sciences
Katharina,Vowell,1999,2005,8413190584952,Faculty of Economic Sciences
Myrlene,Godier,2001,2019,3087219068418,Faculty of Psychology
Stan,Mallya,2002,2021,8656905090570,Faculty of Biology and Geoscience
Pauletta,Wankel,2002,2021,819968080185,Faculty of Economic Sciences
Thaxter,Traice,1999,2009,4042574568736,Faculty of Law
Jerri,Walduck,2000,2018,2225440270623,Faculty of Biology and Geoscience
Cal,Obeney,1997,2016,4069686265391,Faculty of Economic Sciences
Horatio,Spurdon,2002,2008,527492190742,Faculty of Mathematics and Informatics
Reynolds,Licas,2000,2015,3340071246169,Faculty of Economic Sciences
Dorena,Clemenson,2000,2007,2846748623101,Faculty of Law
Nari,Hagt,1996,2013,4365596221641,Faculty of Biology and Geoscience
Bronnie,Huckster,2001,2009,6886419644338,Faculty of Biology and Geoscience
Heinrik,Ickov,2001,2008,7167076423945,Faculty of International Relations
Madelene,Davidsson,2002,2003,453251896218,Faculty of Economic Sciences
Niccolo,Bleby,1997,2022,1646155268642,Faculty of Economic Sciences
Sheryl,Cuel,2001,2016,6933139039293,Faculty of Physics and Engineering
Gerri,Russon,2000,2016,4416877567602,Faculty of Biology and Geoscience
Cull I,Camacho,2000,2019,8260279481762,Faculty of Chemistry and Chemical Technology
Elva,Synke,2000,2012,3416906479689,Faculty of Chemistry and Chemical Technology
Tracey I,Bratchell,2001,2011,5430758121178,Faculty of Physics and Engineering
Maribeth,Humfrey,1996,2020,3699698982651,Faculty of Law
Egor,Beiderbeck,1995,2004,1676386328361,Faculty of Psychology
Lanny,Birbeck,2000,2007,9727874798138,Faculty of Philology
Mirna,Huygens,1996,2001,8594042296406,Faculty of Journalism and Communication Sciences
Boone,Pietrzyk,1999,2012,3103779120391,Faculty of Economic Sciences
Janos,Landrean,1997,2019,8882329661398,Faculty of Physics and Engineering
Charmian,Ofener,1998,2015,148360194760,Faculty of Biology and Geoscience
Kat,Giacobelli,1999,2019,9613488564736,Faculty of Biology and Geoscience
Franz,Wolfers,1995,2012,5471542651678,Faculty of Journalism and Communication Sciences
Chiquita,Hailwood,2000,2002,8080940091039,Faculty of Mathematics and Informatics
Row,Girkin,1996,2019,1310603378223,Faculty of Chemistry and Chemical Technology
Kristina,Rasp,1997,2018,6079593366844,Faculty of Physics and Engineering
Kally,Bruneau,2000,2011,5016101271201,Faculty of Psychology
Valentin,Pursglove,1997,2002,3190980101857,Faculty of Chemistry and Chemical Technology
Keene,Elgee,1998,2011,8675529885330,Faculty of Law
Florette,Abelov,1999,2013,7979997358538,Faculty of Psychology
Tris,Exeter,2001,2006,3624222994285,Faculty of Philology
Rowe,LeMarchant,2001,2001,5611291469474,Faculty of Mathematics and Informatics
Chancey,Ribbon,2001,2000,9870563262171,Faculty of Mathematics and Informatics
Bertha,Cleef,1997,2018,7108307915249,Faculty of Economic Sciences
Ermina,Chidwick,2002,2018,9912207448938,Faculty of Physics and Engineering
Wally,Bordone,2000,2016,4982681859774,Faculty of Economic Sciences
Hedvige,Reavey,1996,2009,497440975003,Faculty of Law
Dmitri,Foldes,2001,2020,4541320032657,Faculty of Law
Charles,Count,1997,2005,8913617255051,Faculty of Mathematics and Informatics
Juana,Khosa,2001,2016,2333551759048,Faculty of Journalism and Communication Sciences
Sherye,Biddulph,2002,2018,9623385145394,Faculty of International Relations
Paulie,Jantel,2002,2005,9034251700981,Faculty of Economic Sciences
Viva,Egarr,1997,2007,4773473167637,Faculty of Journalism and Communication Sciences
Erasmus,Jannasch,1995,2005,9688463948208,Faculty of History and Philosophy
Alis,Redd,1995,2022,5228020175554,Faculty of Philology
Hank,Shayes,1999,2000,6282164913006,Faculty of Chemistry and Chemical Technology
Iggie,Ankrett,2002,2012,1961340444930,Faculty of Chemistry and Chemical Technology
Sibyl,Selburn,1995,2011,813882057156,Faculty of Physics and Engineering
Netta,Gasparro,1998,2019,7719694105021,Faculty of Mathematics and Informatics
Cecile,Powis,2001,2014,2482995427142,Faculty of Biology and Geoscience
Lian,Charville,1998,2018,5066074859387,Faculty of Law
Portia,Leith,1995,2021,3981049488733,Faculty of Mathematics and Informatics
Gustaf,Joerning,1995,2008,3916085602340,Faculty of Philology
Christina,Birt,1998,2005,3899143900925,Faculty of Physics and Engineering
Jakob,Linacre,1996,2018,9612296996419,Faculty of Mathematics and Informatics
Jerrie,Chesson,2000,2014,8160360763868,Faculty of Psychology
Duffie,Esilmon,2001,2010,7460919543318,Faculty of Physics and Engineering
Benedict,Gyrgorcewicx,1997,2022,5362638133725,Faculty of Mathematics and Informatics
Vina,Stuchburie,2001,2008,2308479145843,Faculty of Psychology
Georgena,Balderstone,2001,2020,8433819808998,Faculty of Mathematics and Informatics
Zollie,Jurek,2001,2003,6925862723872,Faculty of Law
Kelli,Ludl,1997,2010,8352517227899,Faculty of Chemistry and Chemical Technology
Bradney,Lorand,1997,2020,594504752179,Faculty of Journalism and Communication Sciences
Ricard,Mawer,2000,2003,4929786303623,Faculty of Economic Sciences
Hewe,Wyllt,2000,2003,3594491819119,Faculty of Economic Sciences
Fulton,Unger,1998,2012,1847143926793,Faculty of Biology and Geoscience
Tiler,Jedraszczyk,2000,2014,7056592177001,Faculty of History and Philosophy
Colly I,McQuorkel,1998,2006,8987726865029,Faculty of International Relations
Shannah,Winteringham,2001,2000,4486146726023,Faculty of Psychology
Kelli I,Chilvers,1998,2021,956108074060,Faculty of Economic Sciences
Goober,Confort,1996,2014,5751024086650,Faculty of History and Philosophy
Kiley,Portingale,1995,2008,463682331618,Faculty of International Relations
Augustus,Schmuhl I,1995,2006,966219834014,Faculty of Chemistry and Chemical Technology
Jaquith,Sweatland,2000,2019,6799890063937,Faculty of Biology and Geoscience
Drugi I,Banham,1997,2002,6366624373506,Faculty of Psychology
Anson,Tatnell,2002,2017,4233280667058,Faculty of Journalism and Communication Sciences
Norby,Jacmard,2001,2005,2311425738202,Faculty of International Relations
Casey,Hirjak,1995,2006,5437063238855,Faculty of Biology and Geoscience
Nealon,Bernhart,1997,2018,5270498837918,Faculty of Law
Wally I,Douberday,1998,2004,8035653855102,Faculty of Mathematics and Informatics
Marika,Brik,1995,2007,1000511133428,Faculty of Biology and Geoscience
Giff,Sinnock,1999,2020,753805447644,Faculty of Physics and Engineering
Iona,Steele,2001,2013,3480372924400,Faculty of International Relations
Boyce,Gravie,1999,2017,2391170337126,Faculty of Mathematics and Informatics
Ella,Lidgertwood,2000,2001,9732596462938,Faculty of Philology
Wendel I,Daintier,1997,2001,4677895043893,Faculty of Physics and Engineering
Harli II,Rummery,1998,2021,7704053776728,Faculty of Philology
Louis,Thombleson,2001,2013,4451545560251,Faculty of Mathematics and Informatics
Dody,Ballintime,1998,2020,6290357688121,Faculty of Philology
Delbert,Dye,1997,2009,8966071270051,Faculty of Psychology
Hilton,Goddert,2000,2013,8390946250372,Faculty of Economic Sciences
Michaella,Quirk,1996,2019,2681768528124,Faculty of Chemistry and Chemical Technology
Valerie,McBryde,2000,2016,8351749223500,Faculty of History and Philosophy
Clyve I,Champain,1996,2017,492919258742,Faculty of History and Philosophy
Perl,Daouze,1997,2008,3302022993677,Faculty of Journalism and Communication Sciences
Kittie I,Cristoferi,2001,2011,2005565321751,Faculty of Philology
Joyann,Shortall,1998,2012,4966422305587,Faculty of Philology
Ariadne,Luetchford,1995,2018,8046731593726,Faculty of Physics and Engineering
Catherine,Maypother,2002,2021,8470974922870,Faculty of Mathematics and Informatics
Mose,Okenfold,2001,2016,9801628242719,Faculty of Economic Sciences
Reine,Moat,1997,2016,9612190387928,Faculty of Mathematics and Informatics
Dawn,Gotling,1997,2020,4874557754473,Faculty of Biology and Geoscience
Sada,Winnister,2001,2001,2139932709656,Faculty of Mathematics and Informatics
Tiff,Dilgarno,1996,2010,5675168056412,Faculty of History and Philosophy
Nyssa,Oganian,1995,2003,9727632435160,Faculty of Physics and Engineering
Allen,Beagin,1999,2022,9106217121168,Faculty of History and Philosophy
Verina,Jori,2001,2006,7190410663338,Faculty of Law
Rhetta,Corbyn,1997,2006,6505518467605,Faculty of Mathematics and Informatics
Joela,Ragg,1995,2001,5523547951484,Faculty of Mathematics and Informatics
Penni,Crotty,1999,2017,4151658827207,Faculty of Physics and Engineering
Lela,Biers,2000,2014,7662443014926,Faculty of Economic Sciences
Bert,Tollmache,2000,2015,7536427598121,Faculty of International Relations
Rennie,Figg,2000,2000,194005782991,Faculty of Law
Alessandro,Bowness,2001,2017,1913299633779,Faculty of Philology
Winn,Kightly,1999,2004,5085473822185,Faculty of Psychology
Isidro,Bellingham,1996,2014,9555299971533,Faculty of Philology
Saul,Coldbreath,2001,2006,3674966209400,Faculty of History and Philosophy
Delila,Perett,1998,2019,4794583499567,Faculty of Mathematics and Informatics
Wilburt,Alexandrescu,1998,2017,4631208233858,Faculty of Law
Allie I,Cymper I,2001,2020,9736947991872,Faculty of Mathematics and Informatics
Bellanca,Jennick,1995,2016,1322035303063,Faculty of International Relations
